{
  "n_seeds": 3,
  "trace_noise": 0.1,
  "bvc_coord_err": [
    0.005,
    0.004
  ],
  "localization": {
    "0.0": {
      "na": [
        0.014,
        0.007
      ],
      "an": [
        0.014,
        0.007
      ],
      "na_final": [
        0.015,
        0.006
      ],
      "an_final": [
        0.014,
        0.007
      ]
    },
    "0.05": {
      "na": [
        0.475,
        0.026
      ],
      "an": [
        0.2,
        0.024
      ],
      "na_final": [
        0.692,
        0.054
      ],
      "an_final": [
        0.208,
        0.014
      ]
    },
    "0.1": {
      "na": [
        0.836,
        0.023
      ],
      "an": [
        0.401,
        0.021
      ],
      "na_final": [
        1.213,
        0.122
      ],
      "an_final": [
        0.43,
        0.013
      ]
    },
    "0.15": {
      "na": [
        1.287,
        0.224
      ],
      "an": [
        0.571,
        0.032
      ],
      "na_final": [
        1.717,
        0.481
      ],
      "an_final": [
        0.612,
        0.023
      ]
    }
  },
  "foraging": {
    "0.0": {
      "na": [
        1.0,
        0.0
      ],
      "an": [
        1.0,
        0.0
      ]
    },
    "0.05": {
      "na": [
        0.659,
        0.04
      ],
      "an": [
        0.78,
        0.025
      ]
    },
    "0.1": {
      "na": [
        0.329,
        0.017
      ],
      "an": [
        0.478,
        0.024
      ]
    },
    "0.15": {
      "na": [
        0.233,
        0.054
      ],
      "an": [
        0.326,
        0.031
      ]
    },
    "0.2": {
      "na": [
        0.147,
        0.014
      ],
      "an": [
        0.245,
        0.034
      ]
    }
  },
  "trace": {
    "na": [
      0.1318357466176773,
      0.1849492457177904,
      0.24612605390656328,
      0.2641470923812853,
      0.2812668642210257,
      0.30792390249876517,
      0.336526877583108,
      0.34946471250926453,
      0.3825938240624964,
      0.36820942065161133,
      0.3998165435364676,
      0.42186916424220217,
      0.4357373772395982,
      0.430070409240822,
      0.4126382402868735,
      0.4430928906011912,
      0.46799570208208435,
      0.4685814945648114,
      0.4806029239876402,
      0.5179457151938954,
      0.5133764305565921,
      0.535422460331271,
      0.553347482294258,
      0.5841513473747505,
      0.5925323299856649,
      0.5908607833294405,
      0.5893685310665103,
      0.5991763781963121,
      0.6346239263398781,
      0.635506835559176,
      0.6377432605303409,
      0.6364010149199101,
      0.6411465272669578,
      0.6700539256239103,
      0.676440929942247,
      0.6784651506071291,
      0.6899079827902218,
      0.7118827953106827,
      0.773295343439612,
      0.7554286438971757,
      0.7590902569807237,
      0.7560956865135166,
      0.7800077941889564,
      0.7931351204299265,
      0.7852282199180788,
      0.759935712027881,
      0.7782452450030379,
      0.7506430556790696,
      0.7942995432143408,
      0.8011098520623313,
      0.7723822211846709,
      0.7606354333046411,
      0.7652022314982282,
      0.8156570978462697,
      0.8259198192713989,
      0.8717690264392228,
      0.873939209928115,
      0.8322564590101441,
      0.8241593798415527,
      0.8507845776362551,
      0.8701802924689318,
      0.8982952835245265,
      0.9096808364200925,
      0.8841845400424466,
      0.8790897910690143,
      0.8965001290457115,
      0.9288803520871118,
      0.9591407107396259,
      0.9540680223661994,
      0.9383451368452773,
      0.9198459390964774,
      0.929472578689456,
      0.9115813217229314,
      0.9710694205843741,
      1.0623741691880342,
      1.0468243218751418,
      1.052872236404154,
      1.0146018519169755,
      1.0302423493315778,
      1.0356751632773216,
      0.9957940543277396,
      0.9865249820674459,
      1.013510350086209,
      1.0178731518487136,
      1.0188909617977011,
      1.0098323515719836,
      1.0364993210468028,
      1.0146349890985422,
      1.0414630204646123,
      1.0384115667806733,
      1.0097137328444257,
      1.0047653299859827,
      1.0633848897284932,
      1.0572682194825676,
      1.0788716563127108,
      1.0942836652199428,
      1.1534169610175822,
      1.1370807723659608,
      1.127687083557248,
      1.12174657980601,
      1.09548841494446,
      1.1246572041677103,
      1.166580620739195,
      1.1860577188846138,
      1.1832999922335148,
      1.2357351202517748,
      1.2298215348273516,
      1.1889895335253744,
      1.200640078427063,
      1.1774134493122494,
      1.1834033837334978,
      1.2213302693433232,
      1.2242208873439164,
      1.2100668648878734,
      1.1937168021168973,
      1.2329049377391736,
      1.2739310271831024,
      1.3038397721118395,
      1.3019040042741432,
      1.320264070398278
    ],