{
  "n_seeds": 5,
  "cat_threshold": 0.1,
  "sig_A": 0.4,
  "sig_hist": 0.4,
  "by_K": {
    "2": {
      "cat": [
        0.7544,
        0.011
      ],
      "median": [
        0.2515,
        0.0002
      ]
    },
    "3": {
      "cat": [
        0.2269,
        0.0055
      ],
      "median": [
        0.0026,
        0.0
      ]
    },
    "4": {
      "cat": [
        0.0771,
        0.0064
      ],
      "median": [
        0.0019,
        0.0
      ]
    },
    "5": {
      "cat": [
        0.0151,
        0.0025
      ],
      "median": [
        0.0017,
        0.0
      ]
    },
    "6": {
      "cat": [
        0.0099,
        0.0009
      ],
      "median": [
        0.0015,
        0.0
      ]
    }
  },
  "tradeoff": {
    "0.2": {
      "grid_cat": [
        0.0002,
        0.0002
      ],
      "place_cat": [
        0.0043,
        0.0005
      ],
      "grid_med": [
        0.0009,
        0.0
      ],
      "place_med": [
        0.021,
        0.0004
      ]
    },
    "0.3": {
      "grid_cat": [
        0.0137,
        0.0012
      ],
      "place_cat": [
        0.056,
        0.0051
      ],
      "grid_med": [
        0.0013,
        0.0
      ],
      "place_med": [
        0.0313,
        0.0006
      ]
    },
    "0.4": {
      "grid_cat": [
        0.0782,
        0.002
      ],
      "place_cat": [
        0.1504,
        0.0054
      ],
      "grid_med": [
        0.0019,
        0.0
      ],
      "place_med": [
        0.0416,
        0.0009
      ]
    },
    "0.5": {
      "grid_cat": [
        0.1943,
        0.003
      ],
      "place_cat": [
        0.2467,
        0.0047
      ],
      "grid_med": [
        0.0028,
        0.0
      ],
      "place_med": [
        0.0533,
        0.0007
      ]
    }
  },
  "hist": {
    "2": [
      0.23926666378974915,
      0.010933333449065686,
      0.0008666666806675493,
      0.010466666519641876,
      0.17986667156219482,
      0.17573333382606507,
      0.0077333332970738414,
      0.00040000000735744833,
      0.0065333333797752855,
      0.11986666917800903,
      0.11226666569709778,
      0.00499999993480742,
      0.0008666666806675493,
      0.004266666574403643,
      0.06106666773557663,
      0.06126666739583016,
      0.0017333333264105022,
      0.0,
      0.00039999999571591614,
      0.0014666666742414237
    ],
    "5": [
      0.9846000075340271,
      0.0,
      0.0001333333319053054,
      0.00033333332976326346,
      0.00260000005364418,
      0.0006000000052154064,
      0.0022000000346451996,
      0.00019999999785795807,
      0.002000000001862645,
      0.004466666607186198,
      0.0011333333561196924,
      0.0,
      0.0,
      0.0010000000125728547,
      0.00019999999785795807,
      0.00019999999785795807,
      0.0001333333319053054,
      0.0001333333319053054,
      0.0,
      6.66666659526527e-05
    ]
  }
}