{
  "n_seeds": 3,
  "pi": [
    3.1241,
    0.1008
  ],
  "anchor_allo": [
    0.8671,
    0.1778
  ],
  "anchor_ego": [
    0.7754,
    0.1886
  ],
  "reliability": {
    "0.05": [
      0.9679,
      0.0821
    ],
    "0.15": [
      3.1833,
      0.2211
    ],
    "0.3": [
      3.329,
      0.0693
    ]
  },
  "trace_pi": [
    0.0725342184305191,
    0.09310560921827953,
    0.07184192165732384,
    0.11683770393331845,
    0.1533613639573256,
    0.17110664397478104,
    0.23491893708705902,
    0.2983890076478322,
    0.27818941076596576,
    0.22636461754639944,
    0.256451278924942,
    0.31993455191453296,
    0.3231756736834844,
    0.3454791108767192,
    0.37996108333269757,
    0.4378073314825694,
    0.49927713473637897,
    0.6915595233440399,
    0.9073080817858378,
    1.3048001925150554,
    1.6390669743220012,
    1.906987726688385,
    2.134547253449758,
    2.3157808979352317,
    2.4415527979532876,
    2.6576465368270874,
    3.003906806310018,
    3.174544890721639,
    3.2464985847473145,
    3.3875702222188315,
    3.4613287448883057,
    3.607558250427246,
    3.6904380321502686,
    3.7075419425964355,
    3.716543753941854,
    3.772371212641398,
    3.903089920679728,
    4.088555018107097,
    4.219511191050212,
    4.267264207204183,
    4.2521653175354,
    4.16507355372111,
    4.079754670461019,
    3.942554314931234,
    3.819068749745687,
    3.7386937936147056,
    3.684275229771932,
    3.7499704360961914,
    3.782721439997355,
    3.867626746495565,
    4.001462697982788,
    4.090162992477417,
    4.1575996081034345,
    4.1835518678029375,
    4.189337809880574,
    4.195547898610433,
    4.176646788914998,
    4.165855328241984,
    4.153487046559651,
    4.1179492473602295,
    4.031222105026245,
    3.91453488667806,
    3.7913968563079834,
    3.6774630546569824,
    3.5771265029907227,
    3.539663473765055,
    3.513859669367472,
    3.536930720011393,
    3.5865800380706787,
    3.6577967007954917,
    3.6519879500071206,
    3.6366093158721924,
    3.593886216481527,
    3.522045056025187,
    3.4794450600941977,
    3.444377899169922,
    3.406780401865641,
    3.4132747650146484,
    3.404218832651774,
    3.429875055948893,
    3.5181311766306558,
    3.5363732973734536,
    3.542305072148641,
    3.5443361600240073,
    3.5226809978485107,
    3.5346978505452475,
    3.5385944843292236,
    3.551537195841471,
    3.5700645446777344,
    3.583198070526123,
    3.5851328372955322,
    3.5857485930124917,
    3.567230463027954,
    3.5415217876434326,
    3.518169641494751,
    3.468144178390503,
    3.454291582107544,
    3.454012473424276,
    3.459688663482666,
    3.472452243169149,
    3.4519659678141275,
    3.4219650427500405,
    3.353768269220988,
    3.3001190026601157,
    3.249636093775431,
    3.1755855083465576,
    3.0973199208577475,
    3.019050359725952,
    2.9582552115122476,
    2.9141960938771567,
    2.900367577870687,
    2.9086817105611167,
    2.9371748765309653,
    2.9824955463409424,
    3.037592649459839,
    3.080719312032064,
    3.1255042552948,
    3.175048351287842,
    3.2785894870758057,
    3.3967498143514,
    3.5151474475860596,
    3.562771797180176,
    3.5854645570119223,
    3.5681358178456626,
    3.495847702026367,
    3.4643423557281494,
    3.3877973556518555,
    3.3355024655659995,
    3.3278685410817466,
    3.3249019781748452,
    3.3050196170806885,
    3.2989957332611084,
    3.3207602500915527,
    3.370198408762614,
    3.412577231725057,
    3.48455810546875,
    3.5250319639841714,
    3.5623697439829507,
    3.5818862915039062,
    3.587587912877401,
    3.5586432615915933,
    3.5147674878438315,
    3.4427505334218345,
    3.3747359911600747,
    3.2922834555308023,
    3.219548145929972,
    3.143443504969279,
    3.0619705518086753,
    3.003010352452596,
    2.973789850870768,
    2.941174348195394,
    2.9294345378875732,
    2.932349681854248,
    2.9393619696299234,
    2.950409015019735,
    2.965721686681112,
    2.9770971139272056,
    2.97951340675354,
    2.9820734659830728,
    2.965947151184082
  ],
  "trace_an": [
    0.12940246115128198,
    0.162563423315684,
    0.17069508383671442,
    0.23761259019374847,
    0.16846436013778052,
    0.14098827292521796,
    0.12127463767925899,
    0.2001760850350062,
    0.19597471257050833,
    0.1331489955385526,
    0.10366212576627731,
    0.08050738275051117,
    0.0964941664909323,
    0.10180394165217876,
    0.1057822306950887,
    0.10232635587453842,
    0.1646741603811582,
    0.21239990989367166,
    0.26745852331320447,
    0.3422497200469176,
    0.4040375202894211,
    0.41272524495919544,
    0.4961818978190422,
    0.5569271917144457,
    0.7100826601187388,
    0.78221844881773,
    0.917128324508667,
    1.051501949628194,
    1.115386039018631,
    0.9783229927221934,
    0.8928691446781158,
    0.8697126731276512,
    0.9560200820366541,
    0.9867420941591263,
    0.9872440646092097,
    0.991925540069739,
    1.0128498375415802,
    0.9623969917496046,
    1.0605609863996506,
    1.0784159923593204,
    1.1185262501239777,
    1.1589598928888638,
    1.3371300896008809,
    1.4726114571094513,
    1.551264077425003,
    1.6505923966566722,
    1.7859373490015666,
    1.6250903010368347,
    1.7012425263722737,
    1.4935401479403179,
    1.377950295805931,
    1.3878816316525142,
    1.3497424970070522,
    1.297074516614278,
    1.2072836458683014,
    1.1704179247220357,
    1.1184214254220326,
    1.10694220662117,
    1.0273274580637615,
    1.057922492424647,
    0.9440041383107504,
    0.8552102744579315,
    0.7745862851540247,
    0.7492910598715147,
    1.0364779482285182,
    0.9496760939558347,
    1.0076578259468079,
    1.0241416146357853,
    0.7603534559408823,
    0.7379597723484039,
    0.6876578480005264,
    0.7310511817534765,
    0.7038228536645571,
    0.5158053338527679,
    0.46830276399850845,
    0.5074926490585009,
    0.47462843855222064,
    0.5035193562507629,
    0.504393090804418,
    0.479159414768219,
    0.35957204053799313,
    0.5328935533761978,
    0.4325970808664958,
    0.30422688523928326,
    0.2881734371185303,
    0.40306055545806885,
    0.5191768805185953,
    0.5512119034926096,
    0.7019952634970347,
    0.7964378893375397,
    0.8677692512671152,
    0.7683562636375427,
    0.6821976701418558,
    0.6077574739853541,
    0.5382449279228846,
    0.7275847097237905,
    0.8483896752198538,
    1.087346265713374,
    1.1775741875171661,
    1.2423649231592815,
    1.3658185998598735,
    1.3171194593111675,
    1.3598905404408772,
    1.4155537088712056,
    1.3424647450447083,
    1.2936179240544636,
    1.0580526491006215,
    0.9562500019868215,
    0.8531099259853363,
    1.0156890153884888,
    1.058607041835785,
    1.1304948727289836,
    1.2679421106974285,
    1.3753166596094768,
    1.43600594997406,
    1.3433051606019337,
    1.30701940258344,
    1.3819042146205902,
    1.2819423377513885,
    1.4229371349016826,
    1.6037813822428386,
    1.6284151474634807,
    1.5710179805755615,
    1.3763548533121746,
    1.3785712122917175,
    1.177789881825447,
    1.1384459684292476,
    1.1593722626566887,
    1.1251407576104004,
    1.2472960874438286,
    1.3331121404965718,
    1.4884794851144154,
    1.4757749040921528,
    1.3994728922843933,
    1.404538244009018,
    1.4281850059827168,
    1.3799694180488586,
    1.2496705651283264,
    1.2090558310349782,
    1.2386390765508015,
    1.2636098265647888,
    1.2123547792434692,
    1.3705681761105855,
    1.4450547297795613,
    1.5729859272638957,
    1.705394983291626,
    1.6760182082653046,
    1.643009255329768,
    1.6166014472643535,
    1.6193603177865346,
    1.579993724822998,
    1.6298701564470928,
    1.532950262228648,
    1.366009960571925,
    1.3988595803578694,
    1.3806475003560383,
    1.4435419142246246,
    1.4544502298037212,
    1.4181905190149944,
    1.3056886767347653
  ]
}